Title,Price,Date
Mini Brazilian Crush Cheirosa â€™68 Beija Florâ„¢ Hair & Body Fragrance Mist,32.50,2024-07-21
Mini Brazilian Crush Cheirosa â€™68 Beija Florâ„¢ Hair & Body Fragrance Mist,32.50,2024-07-21
Mini Brazilian Crush Cheirosa â€™68 Beija Florâ„¢ Hair & Body Fragrance Mist,32.50,2024-07-21
Mini Brazilian Crush Cheirosa â€™68 Beija Florâ„¢ Hair & Body Fragrance Mist,32.50,2024-07-21
Mini Brazilian Crush Cheirosa â€™68 Beija Florâ„¢ Hair & Body Fragrance Mist,32.50,2024-07-21
Mini Brazilian Crush Cheirosa â€™68 Beija Florâ„¢ Hair & Body Fragrance Mist,32.50,2024-07-21
Mini Brazilian Crush Cheirosa â€™68 Beija Florâ„¢ Hair & Body Fragrance Mist,32.50,2024-07-28
Mini Brazilian Crush Cheirosa ’68 Beija Flor™ Hair & Body Fragrance Mist,32.50,2024-08-08
Mini Brazilian Crush Cheirosa ’68 Beija Flor™ Hair & Body Fragrance Mist,32.50,2024-08-12
Mini Brazilian Crush Cheirosa ’68 Beija Flor™ Hair & Body Fragrance Mist,32.50,2024-08-18
